Название,Цена,Ссылка
Подвесной светильник Сансет Black,5870,https://www.divan.ru/vladivostok/product/podvesnoj-svetilnik-sanset-black
Настольная лампа Машрум Gold,5590,https://www.divan.ru/vladivostok/product/nastolnaya-lampa-mashrum-gold
Торшер Билли Black,20 290,https://www.divan.ru/vladivostok/product/torsher-billi-black
Подвесной светильник Бабл-9,23 090,https://www.divan.ru/vladivostok/product/podvesnoj-svetilnik-babl-9
Торшер Бабл-1,8670,https://www.divan.ru/vladivostok/product/torsher-babl-1
Подвесной светильник Бабл-3,8670,https://www.divan.ru/vladivostok/product/podvesnoj-svetilnik-babl-3
Бра Бабл Black,2790,https://www.divan.ru/vladivostok/product/bra-babl-black
Настольная лампа Дэнди Black,5030,https://www.divan.ru/vladivostok/product/nastolnaya-lampa-dendi-black
Настольная лампа Дэнди White,5030,https://www.divan.ru/vladivostok/product/nastolnaya-lampa-dendi-white
Торшер Варио White,6990,https://www.divan.ru/vladivostok/product/torsher-vario-white
Бра Варио Black,1390,https://www.divan.ru/vladivostok/product/bra-vario-black
Бра Варио White,1390,https://www.divan.ru/vladivostok/product/bra-vario-white
Подвесной светильник Сансет White,5870,https://www.divan.ru/vladivostok/product/podvesnoj-svetilnik-sanset-white
Подвесной светильник Кэндел Black,3770,https://www.divan.ru/vladivostok/product/podvesnoj-svetilnik-kendel-black
Подвесной светильник Кэндел White,3770,https://www.divan.ru/vladivostok/product/podvesnoj-svetilnik-kendel-white
Торшер Вена Beige,13 990,https://www.divan.ru/vladivostok/product/torsher-vena-beige
Настольная лампа Сфера Orange,6990,https://www.divan.ru/vladivostok/product/nastolnaya-lampa-sfera-orange
Торшер Осло Black,22 390,https://www.divan.ru/vladivostok/product/torsher-oslo-black
Подвесной светильник Кая Black,3630,https://www.divan.ru/vladivostok/product/podvesnoj-svetilnik-kaya-black
Торшер Вена Black,13 990,https://www.divan.ru/vladivostok/product/torsher-vena-black
Подвесной светильник Кая White,3630,https://www.divan.ru/vladivostok/product/podvesnoj-svetilnik-kaya-white
Настольная лампа Гровер Glass,5590,https://www.divan.ru/vladivostok/product/nastolnaya-lampa-grover-glass
Настольная лампа Сфера Black,5590,https://www.divan.ru/vladivostok/product/nastolnaya-lampa-sfera-black
Настольная лампа Машрум Grey,5590,https://www.divan.ru/vladivostok/product/nastolnaya-lampa-mashrum-grey
Настольная лампа Спайк Green,1390,https://www.divan.ru/vladivostok/product/nastolnaya-lampa-spajk-green
Торшер Клауд White,20 430,https://www.divan.ru/vladivostok/product/torsher-klaud-white
Настольная лампа Клауд White,16 230,https://www.divan.ru/vladivostok/product/nastolnaya-lampa-klaud-white
Настольная лампа Рэй Black,4190,https://www.divan.ru/vladivostok/product/nastolnaya-lampa-rej-black
Торшер Рэй White,5030,https://www.divan.ru/vladivostok/product/torsher-rej-white
Торшер Рэй Black,6990,https://www.divan.ru/vladivostok/product/torsher-rej-black
Настольная лампа Спайк Orange,1110,https://www.divan.ru/vladivostok/product/nastolnaya-lampa-spajk-orange
Подвесной светильник Портланд Black,3630,https://www.divan.ru/vladivostok/product/podvesnoj-svetilnik-portland-black
Настольная лампа Гросс White,5030,https://www.divan.ru/vladivostok/product/nastolnaya-lampa-gross-white
Торшер Мун Black,8390,https://www.divan.ru/vladivostok/product/torsher-mun-black
Торшер Билли White,18 750,https://www.divan.ru/vladivostok/product/torsher-billi-white
Торшер Варио Black,8670,https://www.divan.ru/vladivostok/product/torsher-vario-black
Настольная лампа Раффи Round,6990,https://www.divan.ru/vladivostok/product/nastolnaya-lampa-raffi-round
Торшер Гросс White,8390,https://www.divan.ru/vladivostok/product/torsher-gross-white
Торшер Раффи Round,13 290,https://www.divan.ru/vladivostok/product/torsher-raffi-round
Бра Moderli Alina,4750,https://www.divan.ru/vladivostok/product/bra-moderli-alina
Подвесной светильник Маро Green,16 370,https://www.divan.ru/vladivostok/product/podvesnoj-svetilnik-maro-green
Настольная лампа Рэй White,3630,https://www.divan.ru/vladivostok/product/nastolnaya-lampa-rej-white
Бра Tarbes-2,4190,https://www.divan.ru/vladivostok/product/bra-tarbes-2
Светильник потолочный Matthew,6990,https://www.divan.ru/vladivostok/product/svetilnik-potolochnyj-matthew
Настольная лампа Junior-4,4190,https://www.divan.ru/vladivostok/product/nastolnaya-lampa-junior-4
Спот Лайт-1 Black,3350,https://www.divan.ru/vladivostok/product/spot-lajt-1-black
Настольная лампа Junior-3,5420,https://www.divan.ru/vladivostok/product/nastolnaya-lampa-junior-3
Настольная лампа Junior-1,5590,https://www.divan.ru/vladivostok/product/nastolnaya-lampa-junior-1
